,ground_truth_x,ground_truth_y
0,0.01,0.0013253810470510272
1,0.02,0.0023194168323392977
2,0.04,0.0026507620941020544
3,0.05,0.004638833664678595
4,0.06,0.006958250497017893
5,0.07,0.008614976805831677
6,0.08,0.008946322067594433
7,0.09,0.01126573889993373
8,0.1,0.012922465208747515
9,0.11,0.016235917826375082
10,0.12,0.016898608349900597
11,0.13,0.017229953611663355
12,0.14,0.018886679920477135
13,0.16,0.019218025182239893
14,0.17,0.020212060967528166
15,0.18,0.022200132538104704
16,0.19,0.023194168323392977
17,0.2,0.024188204108681246
18,0.21,0.02584493041749503
19,0.22,0.026176275679257788
20,0.23,0.026507620941020542
21,0.24,0.02982107355864811
22,0.25,0.030815109343936383
23,0.26,0.031477799867461895
24,0.27,0.03313452617627568
25,0.28,0.033797216699801194
26,0.29,0.036116633532140494
27,0.3,0.03777335984095427
28,0.31,0.04108681245858184
29,0.32,0.043074884029158385
30,0.33,0.044068919814446654
31,0.34,0.04539430086149768
32,0.35,0.04705102717031146
33,0.36,0.04837640821736249
34,0.37,0.050033134526176276
35,0.38,0.051027170311464545
36,0.39,0.052021206096752814
37,0.4,0.053015241882041084
38,0.41,0.0536779324055666
39,0.42,0.054340622929092114
40,0.43,0.055666003976143144
41,0.44,0.05666003976143141
42,0.45,0.0583167660702452
43,0.47,0.05964214711729622
44,0.48,0.06096752816434725
45,0.49,0.062292909211398274
46,0.5,0.06295559973492379
47,0.51,0.06428098078197482
48,0.52,0.0659377070907886
49,0.53,0.06759443339960239
50,0.54,0.06858846918489066
51,0.55,0.07024519549370443
52,0.56,0.0728959575878065
53,0.57,0.07654075546719682
54,0.58,0.0775347912524851
55,0.59,0.0781974817760106
56,0.6,0.07952286282306163
57,0.61,0.0798542080848244
58,0.62,0.0805168986083499
59,0.63,0.08250497017892644
60,0.64,0.0828363154406892
61,0.66,0.08383035122597747
62,0.67,0.08548707753479125
63,0.69,0.08714380384360504
64,0.7,0.08846918489065607
65,0.71,0.08913187541418158
66,0.72,0.08946322067594434
67,0.73,0.09111994698475812
68,0.74,0.09211398277004638
69,0.75,0.09410205434062292
70,0.76,0.09476474486414845
71,0.78,0.09575878064943671
72,0.79,0.09708416169648774
73,0.8,0.09741550695825049
74,0.82,0.09840954274353876
75,0.83,0.09973492379058979
76,0.84,0.10039761431411531
77,0.85,0.10271703114645461
78,0.86,0.10404241219350563
79,0.88,0.10470510271703115
80,0.89,0.10636182902584493
81,0.9,0.10768721007289596
82,0.91,0.10868124585818423
83,0.93,0.10934393638170974
84,0.94,0.110337972166998
85,0.95,0.11066931742876077
86,0.96,0.11133200795228629
87,0.97,0.11298873426110007
88,0.98,0.11398277004638833
89,0.99,0.11630218687872763
90,1.0,0.1166335321404904
91,1.01,0.11696487740225314
92,1.02,0.1172962226640159
93,1.03,0.11795891318754141
94,1.04,0.1189529489728297
95,1.05,0.12027833001988071
96,1.06,0.12094102054340623
97,1.07,0.12127236580516898
98,1.08,0.1219350563286945
99,1.09,0.12259774685222001
100,1.1,0.12326043737574553
101,1.11,0.12359178263750828
102,1.12,0.1242544731610338
103,1.13,0.12491716368455931
104,1.14,0.1265738899933731
105,1.15,0.12690523525513586
106,1.16,0.12756792577866136
107,1.17,0.12856196156394964
108,1.19,0.1288933068257124
109,1.2,0.13021868787276342
110,1.21,0.1312127236580517
111,1.22,0.13220675944333996
112,1.23,0.13320079522862824
113,1.24,0.13485752153744202
114,1.25,0.13518886679920478
115,1.26,0.1358515573227303
116,1.27,0.1365142478462558
117,1.28,0.13717693836978131
118,1.29,0.13750828363154408
119,1.3,0.13817097415506957
120,1.31,0.13850231941683233
121,1.32,0.14015904572564614
122,1.33,0.14082173624917163
123,1.34,0.1418157720344599
124,1.35,0.14214711729622267
125,1.36,0.14314115308151093
126,1.37,0.14380384360503645
127,1.39,0.1441351888667992
128,1.4,0.1447978793903247
129,1.41,0.145791915175613
130,1.42,0.1464546056991385
131,1.43,0.147117296222664
132,1.44,0.14744864148442677
133,1.45,0.1487740225314778
134,1.46,0.14976805831676607
135,1.47,0.15009940357852883
136,1.48,0.15076209410205435
137,1.49,0.1517561298873426
138,1.51,0.15241882041086813
139,1.52,0.1527501656726309
140,1.53,0.15341285619615638
141,1.54,0.1540755467196819
142,1.55,0.15473823724320743
143,1.57,0.15540092776673295
144,1.58,0.15573227302849568
145,1.59,0.15606361829025844
146,1.6,0.1563949635520212
147,1.61,0.15705765407554673
148,1.62,0.15772034459907222
149,1.65,0.15838303512259774
150,1.66,0.15904572564612326
151,1.67,0.16037110669317428
152,1.68,0.1610337972166998
153,1.69,0.16136514247846256
154,1.71,0.16235917826375082
155,1.72,0.16269052352551358
156,1.74,0.1633532140490391
157,1.75,0.16368455931080186
158,1.78,0.16434724983432736
159,1.79,0.16467859509609012
160,1.8,0.16500994035785288
161,1.81,0.16600397614314116
162,1.82,0.16699801192842942
163,1.83,0.16732935719019218
164,1.84,0.16766070245195494
165,1.86,0.1679920477137177
166,1.87,0.1686547382372432
167,1.88,0.16898608349900596
168,1.89,0.16931742876076872
169,1.9,0.16964877402253148
170,1.95,0.16998011928429424
171,1.96,0.170311464546057
172,1.97,0.17064280980781976
173,2.0,0.1709741550695825
174,2.01,0.17229953611663354
175,2.02,0.1726308813783963
176,2.04,0.17296222664015903
177,2.05,0.17362491716368456
178,2.09,0.17395626242544732
179,2.1,0.1749502982107356
180,2.11,0.17528164347249833
181,2.14,0.1756129887342611
182,2.15,0.17594433399602386
183,2.16,0.17627567925778662
184,2.19,0.17660702451954938
185,2.2,0.17693836978131214
186,2.21,0.17726971504307487
187,2.22,0.17760106030483763
188,2.24,0.1779324055666004
189,2.29,0.17826375082836315
190,2.3,0.17859509609012592
191,2.31,0.17892644135188868
192,2.35,0.17925778661365144
193,2.37,0.17958913187541417
194,2.38,0.17992047713717693
195,2.4,0.1802518223989397
196,2.41,0.18058316766070245
197,2.42,0.18091451292246521
198,2.43,0.18124585818422798
199,2.44,0.1815772034459907
200,2.45,0.18223989396951623
201,2.47,0.182571239231279
202,2.48,0.18356527501656728
203,2.54,0.18455931080185553
204,2.55,0.1848906560636183
205,2.56,0.1855533465871438
206,2.59,0.1862160371106693
207,2.61,0.18654738237243207
208,2.62,0.18687872763419483
209,2.63,0.18754141815772035
210,2.68,0.1878727634194831
211,2.69,0.18820410868124585
212,2.7,0.18886679920477137
213,2.71,0.18919814446653413
214,2.72,0.1895294897282969
215,2.73,0.18986083499005965
216,2.74,0.1901921802518224
217,2.75,0.19052352551358515
218,2.76,0.1908548707753479
219,2.77,0.19118621603711067
220,2.78,0.1918489065606362
221,2.79,0.19218025182239895
222,2.8,0.19251159708416168
223,2.85,0.19284294234592445
224,2.89,0.1931742876076872
225,2.92,0.19350563286944997
226,2.93,0.19383697813121273
227,2.95,0.1941683233929755
228,2.97,0.19449966865473825
229,3.0,0.19516235917826374
230,3.02,0.1954937044400265
231,3.06,0.19582504970178927
232,3.07,0.19615639496355203
233,3.09,0.1964877402253148
234,3.1,0.19715043074884028
235,3.11,0.19748177601060304
236,3.19,0.1978131212723658
237,3.2,0.19814446653412857
238,3.21,0.19847581179589133
239,3.26,0.19946984758117958
240,3.28,0.19980119284294234
241,3.29,0.2001325381047051
242,3.3,0.20046388336646787
243,3.31,0.20079522862823063
244,3.33,0.20112657388999336
245,3.36,0.2024519549370444
246,3.38,0.20311464546056993
247,3.4,0.20410868124585818
248,3.45,0.20444002650762094
249,3.47,0.2047713717693837
250,3.49,0.20510271703114646
251,3.5,0.20543406229290923
252,3.52,0.20576540755467196
253,3.53,0.20642809807819748
254,3.55,0.20675944333996024
255,3.56,0.207090788601723
256,3.63,0.20742213386348576
257,3.66,0.20808482438701126
258,3.72,0.20841616964877402
259,3.74,0.20874751491053678
260,3.76,0.20907886017229954
261,3.79,0.2094102054340623
262,3.8,0.20974155069582506
263,3.84,0.2100728959575878
264,3.87,0.21073558648111332
265,3.89,0.21106693174287608
266,3.92,0.21139827700463884
267,3.97,0.21206096752816433
268,4.0,0.2123923127899271
269,4.03,0.21305500331345262
270,4.05,0.21338634857521538
271,4.06,0.2140490390987409
272,4.1,0.21438038436050363
273,4.12,0.21504307488402916
274,4.13,0.21603711066931744
275,4.14,0.21636845593108017
276,4.17,0.21669980119284293
277,4.18,0.2170311464546057
278,4.21,0.21769383697813122
279,4.23,0.21802518223989398
280,4.25,0.21835652750165674
281,4.28,0.21868787276341947
282,4.29,0.21901921802518223
283,4.32,0.219350563286945
284,4.33,0.21968190854870775
285,4.37,0.22034459907223328
286,4.39,0.22100728959575877
287,4.41,0.2216699801192843
288,4.46,0.22233267064280982
289,4.49,0.2229953611663353
290,4.5,0.22332670642809807
291,4.52,0.2239893969516236
292,4.53,0.22432074221338635
293,4.54,0.22465208747514911
294,4.55,0.22498343273691188
295,4.56,0.2253147779986746
296,4.58,0.22564612326043737
297,4.59,0.22597746852220013
298,4.61,0.2263088137839629
299,4.65,0.22697150430748841
300,4.67,0.22730284956925115
301,4.68,0.2276341948310139
302,4.71,0.22829688535453943
303,4.72,0.22895957587806495
304,4.73,0.23028495692511597
305,4.76,0.23061630218687873
306,4.78,0.2309476474486415
307,4.83,0.23127899271040425
308,4.84,0.23161033797216699
309,4.87,0.23194168323392975
310,4.88,0.23293571901921803
311,4.91,0.2332670642809808
312,4.92,0.23359840954274355
313,4.99,0.23426110006626905
314,5.0,0.23492379058979457
315,5.01,0.23525513585155733
316,5.05,0.2355864811133201
317,5.09,0.23591782637508282
318,5.14,0.23624917163684558
319,5.16,0.2369118621603711
320,5.17,0.23757455268389663
321,5.19,0.2379058979456594
322,5.2,0.23823724320742212
323,5.28,0.23889993373094764
324,5.32,0.2392312789927104
325,5.37,0.23989396951623593
326,5.4,0.24022531477799866
327,5.44,0.24055666003976142
328,5.46,0.24088800530152418
329,5.48,0.24121935056328694
330,5.52,0.24221338634857523
331,5.53,0.24254473161033796
332,5.55,0.24287607687210072
333,5.6,0.24320742213386348
334,5.65,0.24353876739562624
335,5.66,0.243870112657389
336,5.67,0.24453280318091453
337,5.69,0.24519549370444002
338,5.7,0.24552683896620278
339,5.71,0.24585818422796554
340,5.76,0.2461895294897283
341,5.77,0.24652087475149106
342,5.78,0.2468522200132538
343,5.79,0.24751491053677932
344,5.8,0.24784625579854208
345,5.84,0.24817760106030484
346,5.87,0.2485089463220676
347,5.89,0.24884029158383036
348,5.9,0.2491716368455931
349,5.92,0.24983432736911862
350,5.96,0.2504970178926441
351,5.98,0.25115970841616964
352,5.99,0.25182239893969516
353,6.02,0.2524850894632207
354,6.03,0.25281643472498344
355,6.04,0.2531477799867462
356,6.05,0.25347912524850896
357,6.07,0.2538104705102717
358,6.09,0.2544731610337972
359,6.1,0.25480450629555995
360,6.12,0.2551358515573227
361,6.13,0.25579854208084823
362,6.14,0.256129887342611
363,6.16,0.2567925778661365
364,6.17,0.25745526838966204
365,6.2,0.25811795891318756
366,6.21,0.2584493041749503
367,6.22,0.25878064943671303
368,6.23,0.2591119946984758
369,6.24,0.25944333996023855
370,6.25,0.2601060304837641
371,6.26,0.26043737574552683
372,6.27,0.26110006626905236
373,6.29,0.2614314115308151
374,6.3,0.2617627567925779
375,6.32,0.26209410205434064
376,6.33,0.2624254473161034
377,6.34,0.26308813783962887
378,6.36,0.2634194831013916
379,6.37,0.2637508283631544
380,6.39,0.26408217362491715
381,6.4,0.2654075546719682
382,6.41,0.26573889993373095
383,6.42,0.2660702451954937
384,6.43,0.26673293571901924
385,6.45,0.2680583167660702
386,6.47,0.268389662027833
387,6.49,0.26872100728959575
388,6.51,0.26971504307488403
389,6.52,0.2700463883366468
390,6.53,0.2707090788601723
391,6.56,0.27137176938369784
392,6.57,0.2717031146454606
393,6.58,0.2720344599072233
394,6.59,0.27236580516898606
395,6.6,0.2730284956925116
396,6.62,0.27335984095427435
397,6.63,0.2736911862160371
398,6.64,0.27435387673956263
399,6.65,0.2746852220013254
400,6.67,0.2756792577866137
401,6.68,0.27601060304837643
402,6.69,0.27634194831013914
403,6.72,0.2766732935719019
404,6.73,0.2776673293571902
405,6.74,0.27799867461895295
406,6.75,0.2783300198807157
407,6.76,0.27899271040424123
408,6.8,0.279324055666004
409,6.82,0.2803180914512923
410,6.83,0.280649436713055
411,6.85,0.2813121272365805
412,6.86,0.28164347249834326
413,6.87,0.2823061630218688
414,6.88,0.2836315440689198
415,6.89,0.28429423459244535
416,6.9,0.2852882703777336
417,6.91,0.2859509609012591
418,6.92,0.2876076872100729
419,6.95,0.2886017229953612
420,6.96,0.2899271040424122
421,6.97,0.29025844930417494
422,6.98,0.2912524850894632
423,6.99,0.2932405566600398
424,7.0,0.29489728296885354
425,7.01,0.2962226640159046
426,7.02,0.2975480450629556
427,7.03,0.29787939032471833
428,7.04,0.2992047713717694
429,7.05,0.30019880715705766
430,7.06,0.3008614976805832
431,7.07,0.30119284294234594
432,7.08,0.30185553346587146
433,7.09,0.3028495692511597
434,7.11,0.30417495029821073
435,7.12,0.30483764082173626
436,7.13,0.3055003313452618
437,7.15,0.3061630218687873
438,7.16,0.3071570576540755
439,7.18,0.30781974817760105
440,7.19,0.30848243870112657
441,7.2,0.30881378396288933
442,7.21,0.3098078197481776
443,7.22,0.3108018555334659
444,7.23,0.31146454605699136
445,7.24,0.31245858184227965
446,7.25,0.3137839628893307
447,7.26,0.31411530815109345
448,7.28,0.314777998674619
449,7.3,0.31510934393638174
450,7.34,0.3157720344599072
451,7.38,0.31610337972166996
452,7.39,0.3167660702451955
453,7.42,0.31709741550695825
454,7.44,0.31776010603048377
455,7.45,0.31809145129224653
456,7.5,0.3184227965540093
457,7.55,0.3194168323392976
458,7.56,0.32007952286282304
459,7.6,0.3204108681245858
460,7.62,0.3214049039098741
461,7.63,0.32173624917163685
462,7.64,0.32239893969516237
463,7.66,0.32273028495692513
464,7.69,0.3230616302186879
465,7.7,0.32339297548045065
466,7.71,0.3237243207422134
467,7.72,0.3240556660039761
468,7.73,0.32471835652750164
469,7.76,0.32538104705102716
470,7.78,0.3260437375745527
471,7.79,0.32637508283631544
472,7.8,0.3267064280980782
473,7.82,0.32703777335984097
474,7.83,0.3277004638833665
475,7.85,0.32803180914512925
476,7.86,0.32836315440689195
477,7.9,0.3286944996686547
478,7.91,0.3290258449304175
479,7.92,0.32935719019218024
480,7.94,0.33001988071570576
481,7.97,0.3306825712392313
482,7.99,0.33101391650099404
483,8.0,0.3313452617627568
484,8.03,0.3320079522862823
485,8.05,0.3326706428098078
486,8.06,0.33300198807157055
487,8.12,0.3333333333333333
488,8.13,0.3336646785950961
489,8.14,0.33399602385685884
490,8.15,0.3343273691186216
491,8.16,0.33465871438038436
492,8.19,0.3359840954274354
493,8.22,0.33631544068919816
494,8.23,0.3366467859509609
495,8.25,0.3373094764744864
496,8.3,0.33764082173624915
497,8.31,0.3383035122597747
498,8.34,0.33929754804506296
499,8.36,0.3399602385685885
500,8.38,0.34095427435387676
501,8.39,0.3412856196156395
502,8.4,0.34161696487740223
503,8.44,0.3429423459244533
504,8.46,0.3436050364479788
505,8.48,0.34393638170974156
506,8.49,0.3445990722332671
507,8.52,0.34559310801855536
508,8.54,0.34625579854208083
509,8.55,0.3465871438038436
510,8.57,0.34691848906560635
511,8.58,0.3472498343273691
512,8.59,0.3475811795891319
513,8.63,0.34791252485089463
514,8.64,0.3482438701126574
515,8.65,0.3489065606361829
516,8.66,0.3492379058979457
517,8.67,0.3499005964214712
518,8.71,0.3502319416832339
519,8.73,0.35056328694499667
520,8.74,0.3508946322067594
521,8.75,0.35222001325381047
522,8.79,0.35255135851557323
523,8.8,0.35321404903909875
524,8.81,0.35420808482438704
525,8.82,0.3548707753479125
526,8.83,0.355533465871438
527,8.84,0.3558648111332008
528,8.85,0.35719019218025183
529,8.86,0.3575215374420146
530,8.87,0.35785288270377735
531,8.9,0.3585155732273029
532,8.92,0.35917826375082834
533,8.93,0.35984095427435386
534,8.94,0.3605036447978794
535,8.95,0.3611663353214049
536,8.96,0.36182902584493043
537,8.98,0.36249171636845595
538,8.99,0.3631544068919814
539,9.0,0.3634857521537442
540,9.01,0.36381709741550694
541,9.04,0.3641484426772697
542,9.05,0.3648111332007952
543,9.06,0.36547382372432075
544,9.09,0.3658051689860835
545,9.1,0.36613651424784627
546,9.12,0.36713055003313455
547,9.15,0.3681245858184228
548,9.17,0.36845593108018554
549,9.2,0.3694499668654738
550,9.21,0.3697813121272366
551,9.22,0.37077534791252487
552,9.23,0.3714380384360504
553,9.24,0.3724320742213386
554,9.25,0.3734261100066269
555,9.26,0.37375745526838966
556,9.27,0.3744201457919152
557,9.28,0.376076872100729
558,9.29,0.37673956262425445
559,9.3,0.37839628893306826
560,9.31,0.38071570576540753
561,9.32,0.3820410868124586
562,9.33,0.3827037773359841
563,9.36,0.3833664678595096
564,9.37,0.38402915838303514
565,9.38,0.38469184890656066
566,9.4,0.38502319416832337
567,9.41,0.38535453943008613
568,9.42,0.3863485752153744
569,9.43,0.3873426110006627
570,9.44,0.38866799204771374
571,9.45,0.3889993373094765
572,9.46,0.3903247183565275
573,9.47,0.390987408880053
574,9.48,0.39165009940357853
575,9.49,0.3919814446653413
576,9.5,0.3929754804506296
577,9.51,0.39363817097415504
578,9.52,0.3946322067594433
579,9.53,0.3956262425447316
580,9.54,0.3966202783300199
581,9.55,0.39695162359178265
582,9.56,0.3972829688535454
583,9.57,0.3979456593770709
584,9.58,0.39893969516235916
585,9.59,0.3996023856858847
586,9.61,0.4002650762094102
587,9.63,0.40059642147117297
588,9.65,0.4012591119946985
589,9.68,0.40159045725646125
590,9.69,0.4025844930417495
591,9.72,0.40291583830351224
592,9.74,0.40357852882703776
593,9.77,0.4039098740888005
594,9.78,0.4042412193505633
595,9.79,0.40457256461232605
596,9.8,0.40523525513585157
597,9.82,0.40656063618290256
598,9.83,0.4068919814446653
599,9.84,0.4072233267064281
600,9.86,0.40755467196819084
601,9.88,0.4078860172299536
602,9.92,0.40821736249171636
603,9.93,0.4088800530152419
604,9.99,0.40921139827700465
605,10.0,0.4095427435387674
606,10.01,0.40987408880053017
607,10.02,0.4105367793240557
608,10.04,0.4115308151093439
609,10.05,0.4118621603711067
610,10.06,0.41219350563286944
611,10.07,0.41285619615639496
612,10.09,0.41385023194168324
613,10.1,0.414181577203446
614,10.11,0.41451292246520877
615,10.12,0.4151756129887343
616,10.13,0.415506958250497
617,10.14,0.4165009940357853
618,10.15,0.41683233929754804
619,10.16,0.41749502982107356
620,10.17,0.4178263750828363
621,10.18,0.41848906560636184
622,10.19,0.4194831013916501
623,10.2,0.41981444665341283
624,10.21,0.42047713717693835
625,10.22,0.4208084824387011
626,10.23,0.42147117296222664
627,10.26,0.4218025182239894
628,10.27,0.42213386348575216
629,10.29,0.4224652087475149
630,10.3,0.4227965540092777
631,10.33,0.4234592445328032
632,10.34,0.42445328031809143
633,10.35,0.4247846255798542
634,10.37,0.4254473161033797
635,10.38,0.42611000662690524
636,10.39,0.4271040424121935
637,10.4,0.4280980781974818
638,10.41,0.4294234592445328
639,10.42,0.43141153081510936
640,10.43,0.43240556660039764
641,10.44,0.43273691186216034
642,10.45,0.4330682571239231
643,10.47,0.4340622929092114
644,10.48,0.43439363817097415
645,10.49,0.4367130550033135
646,10.5,0.43737574552683894
647,10.51,0.4377070907886017
648,10.52,0.43803843605036447
649,10.55,0.4383697813121272
650,10.56,0.43870112657389
651,10.57,0.4393638170974155
652,10.58,0.43969516235917827
653,10.6,0.44002650762094103
654,10.61,0.44068919814446655
655,10.62,0.4410205434062293
656,10.63,0.44201457919151754
657,10.65,0.44267726971504306
658,10.67,0.44367130550033135
659,10.68,0.44433399602385687
660,10.69,0.44466534128561963
661,10.7,0.4449966865473824
662,10.72,0.4459907223326706
663,10.73,0.4463220675944334
664,10.74,0.44665341285619614
665,10.75,0.4469847581179589
666,10.76,0.44731610337972166
667,10.77,0.4476474486414844
668,10.78,0.44831013916500995
669,10.79,0.449635520212061
670,10.8,0.44996686547382375
671,10.82,0.450960901259112
672,10.83,0.45129224652087474
673,10.87,0.4516235917826375
674,10.89,0.452286282306163
675,10.9,0.4526176275679258
676,10.92,0.45294897282968855
677,11.02,0.4532803180914513
678,11.1,0.45361166335321407
679,11.13,0.45394300861497683
680,11.16,0.4542743538767396
681,11.17,0.4546056991385023
682,11.22,0.45493704440026506
683,11.24,0.4552683896620278
684,11.25,0.4555997349237906
685,11.28,0.45593108018555334
686,11.3,0.45659377070907886
687,11.31,0.4569251159708416
688,11.34,0.45758780649436714
689,11.38,0.45825049701789267
690,11.4,0.4592445328031809
691,11.44,0.4599072233267064
692,11.47,0.4602385685884692
693,11.49,0.46123260437375746
694,11.51,0.4615639496355202
695,11.58,0.461895294897283
696,11.59,0.46288933068257127
697,11.61,0.46322067594433397
698,11.62,0.46355202120609673
699,11.64,0.4638833664678595
700,11.65,0.4648774022531478
701,11.66,0.4655400927766733
702,11.67,0.46587143803843606
703,11.68,0.4662027833001988
704,11.7,0.4665341285619616
705,11.71,0.4671968190854871
706,11.72,0.4675281643472498
707,11.74,0.46819085487077533
708,11.77,0.4695162359178264
709,11.79,0.46984758117958914
710,11.84,0.4701789264413519
711,11.85,0.4708416169648774
712,11.86,0.4711729622266402
713,11.87,0.47150430748840294
714,11.94,0.47183565275016565
715,11.95,0.47249834327369117
716,11.96,0.47282968853545393
717,11.97,0.4731610337972167
718,11.98,0.47349237905897945
719,12.0,0.474155069582505
720,12.03,0.47448641484426773
721,12.04,0.4748177601060305
722,12.05,0.475480450629556
723,12.06,0.4758117958913188
724,12.07,0.4761431411530815
725,12.09,0.47647448641484424
726,12.1,0.476805831676607
727,12.11,0.47746852220013253
728,12.12,0.4777998674618953
729,12.13,0.4784625579854208
730,12.14,0.47879390324718357
731,12.15,0.4794565937707091
732,12.16,0.4801192842942346
733,12.17,0.4807819748177601
734,12.18,0.48111332007952284
735,12.19,0.4824387011265739
736,12.2,0.48277004638833665
737,12.21,0.48343273691186217
738,12.22,0.48376408217362493
739,12.25,0.4840954274353877
740,12.26,0.48442677269715045
741,12.3,0.4847581179589132
742,12.32,0.4850894632206759
743,12.33,0.4854208084824387
744,12.36,0.4860834990059642
745,12.39,0.48641484426772696
746,12.4,0.4867461895294897
747,12.41,0.487740225314778
748,12.43,0.48807157057654077
749,12.44,0.4887342611000663
750,12.45,0.48906560636182905
751,12.46,0.48939695162359176
752,12.47,0.4897282968853545
753,12.49,0.4900596421471173
754,12.53,0.4907223326706428
755,12.54,0.49204771371769385
756,12.55,0.4923790589794566
757,12.56,0.49304174950298213
758,12.58,0.49403578528827036
759,12.59,0.4943671305500331
760,12.62,0.4946984758117959
761,12.63,0.49502982107355864
762,12.64,0.49569251159708416
763,12.66,0.4960238568588469
764,12.68,0.4963552021206097
765,12.7,0.49668654738237245
766,12.71,0.4970178926441352
767,12.73,0.49768058316766073
768,12.75,0.49801192842942343
769,12.78,0.49867461895294896
770,12.8,0.49966865473823724
771,12.82,0.5003313452617627
772,12.84,0.5006626905235255
773,12.85,0.501325381047051
774,12.86,0.5019880715705766
775,12.87,0.5026507620941021
776,12.9,0.5029821073558648
777,12.91,0.5036447978793903
778,12.92,0.5039761431411531
779,12.95,0.5043074884029158
780,12.96,0.5056328694499669
781,12.98,0.5062955599734924
782,13.02,0.5066269052352551
783,13.03,0.5069582504970179
784,13.05,0.5072895957587806
785,13.07,0.5079522862823062
786,13.08,0.508283631544069
787,13.09,0.5086149768058317
788,13.1,0.5092776673293572
789,13.11,0.5102717031146454
790,13.12,0.5112657388999338
791,13.14,0.5115970841616965
792,13.15,0.512259774685222
793,13.16,0.5129224652087475
794,13.18,0.5142478462557986
795,13.2,0.5149105367793241
796,13.22,0.5152418820410868
797,13.23,0.5159045725646123
798,13.26,0.5162359178263751
799,13.27,0.5165672630881378
800,13.28,0.5172299536116634
801,13.29,0.5182239893969516
802,13.3,0.5185553346587144
803,13.32,0.5198807157057654
804,13.33,0.5202120609675281
805,13.34,0.5208747514910537
806,13.35,0.5212060967528165
807,13.37,0.5215374420145792
808,13.39,0.5218687872763419
809,13.41,0.5228628230616302
810,13.43,0.5235255135851558
811,13.46,0.5238568588469185
812,13.47,0.524519549370444
813,13.49,0.5251822398939695
814,13.51,0.5255135851557323
815,13.52,0.525844930417495
816,13.53,0.5261762756792577
817,13.55,0.5265076209410205
818,13.56,0.5271703114645461
819,13.58,0.5275016567263088
820,13.6,0.5278330019880716
821,13.61,0.5281643472498343
822,13.63,0.5291583830351226
823,13.64,0.5298210735586482
824,13.65,0.5304837640821736
825,13.66,0.5308151093439364
826,13.69,0.5314777998674619
827,13.7,0.5318091451292246
828,13.72,0.5324718356527501
829,13.75,0.532803180914513
830,13.78,0.5337972166998012
831,13.79,0.5344599072233267
832,13.8,0.5351225977468522
833,13.81,0.5354539430086149
834,13.83,0.5364479787939033
835,13.84,0.5374420145791915
836,13.86,0.5377733598409543
837,13.87,0.538104705102717
838,13.9,0.5384360503644798
839,13.91,0.5390987408880054
840,13.92,0.5394300861497681
841,13.94,0.5400927766732936
842,13.95,0.5410868124585818
843,13.96,0.5417495029821073
844,13.97,0.5420808482438702
845,13.98,0.5424121935056329
846,13.99,0.5430748840291584
847,14.0,0.5434062292909212
848,14.01,0.5450629555997349
849,14.02,0.546388336646786
850,14.03,0.547713717693837
851,14.04,0.5483764082173624
852,14.05,0.5487077534791253
853,14.06,0.5500331345261763
854,14.07,0.550364479787939
855,14.08,0.5506958250497018
856,14.11,0.55168986083499
857,14.12,0.5520212060967529
858,14.13,0.5526838966202783
859,14.14,0.5536779324055666
860,14.15,0.5540092776673293
861,14.18,0.5543406229290921
862,14.19,0.5550033134526177
863,14.2,0.5553346587143804
864,14.21,0.5563286944996687
865,14.22,0.5573227302849569
866,14.23,0.5579854208084825
867,14.24,0.5583167660702452
868,14.25,0.558648111332008
869,14.26,0.5589794565937707
870,14.27,0.5593108018555335
871,14.29,0.5596421471172962
872,14.3,0.5606361829025845
873,14.31,0.5616302186878728
874,14.32,0.562624254473161
875,14.33,0.5629555997349238
876,14.34,0.5632869449966865
877,14.36,0.563949635520212
878,14.38,0.5642809807819749
879,14.39,0.5652750165672631
880,14.4,0.5656063618290258
881,14.41,0.5659377070907886
882,14.42,0.5666003976143141
883,14.44,0.5669317428760768
884,14.45,0.5675944333996024
885,14.46,0.5685884691848907
886,14.48,0.5699138502319416
887,14.49,0.5702451954937044
888,14.5,0.5705765407554672
889,14.51,0.5715705765407555
890,14.52,0.5719019218025182
891,14.53,0.5735586481113321
892,14.54,0.5745526838966203
893,14.55,0.5752153744201458
894,14.56,0.5758780649436713
895,14.57,0.5768721007289596
896,14.58,0.5775347912524851
897,14.61,0.5785288270377733
898,14.62,0.5801855533465872
899,14.63,0.5808482438701127
900,14.64,0.5811795891318754
901,14.65,0.5815109343936382
902,14.66,0.5825049701789264
903,14.67,0.5834990059642147
904,14.68,0.584493041749503
905,14.69,0.5848243870112657
906,14.7,0.585818422796554
907,14.71,0.5861497680583168
908,14.72,0.587143803843605
909,14.73,0.5878064943671305
910,14.74,0.5881378396288933
911,14.75,0.5897945659377071
912,14.76,0.5901259111994699
913,14.77,0.5917826375082836
914,14.78,0.5927766732935719
915,14.79,0.5931080185553347
916,14.8,0.5937707090788602
917,14.81,0.5941020543406229
918,14.82,0.5947647448641484
919,14.83,0.596752816434725
920,14.84,0.598078197481776
921,14.85,0.5987408880053016
922,14.86,0.5994035785288271
923,14.87,0.5997349237905898
924,14.88,0.6003976143141153
925,14.89,0.6017229953611664
926,14.9,0.6030483764082174
927,14.92,0.6037110669317429
928,14.93,0.6040424121935056
929,14.94,0.6050364479787939
930,14.95,0.6066931742876077
931,14.96,0.607687210072896
932,14.97,0.6083499005964215
933,14.98,0.6093439363817097
934,14.99,0.6096752816434725
935,15.01,0.6100066269052352
936,15.02,0.6106693174287607
937,15.03,0.6110006626905236
938,15.06,0.6113320079522863
939,15.07,0.6116633532140491
940,15.08,0.6119946984758118
941,15.09,0.6123260437375746
942,15.11,0.6129887342611001
943,15.12,0.6136514247846255
944,15.13,0.614314115308151
945,15.14,0.6146454605699139
946,15.15,0.6153081510934394
947,15.22,0.6159708416169649
948,15.23,0.6163021868787276
949,15.27,0.6166335321404904
950,15.28,0.6169648774022531
951,15.29,0.6176275679257787
952,15.3,0.6182902584493042
953,15.31,0.6186216037110669
954,15.32,0.6189529489728297
955,15.35,0.6192842942345924
956,15.37,0.6196156394963552
957,15.38,0.6199469847581179
958,15.39,0.6202783300198808
959,15.4,0.6206096752816435
960,15.42,0.621272365805169
961,15.43,0.6216037110669318
962,15.44,0.6219350563286945
963,15.46,0.6222664015904572
964,15.47,0.6229290921139827
965,15.48,0.6232604373757455
966,15.52,0.6235917826375083
967,15.53,0.6239231278992711
968,15.56,0.6242544731610338
969,15.57,0.6245858184227966
970,15.63,0.6249171636845593
971,15.65,0.6252485089463221
972,15.67,0.6255798542080848
973,15.69,0.6262425447316103
974,15.77,0.626573889993373
975,15.82,0.6269052352551359
976,15.83,0.6272365805168986
977,15.86,0.6278992710404241
978,15.87,0.6282306163021869
979,15.88,0.6288933068257124
980,15.91,0.629555997349238
981,15.93,0.6298873426110007
982,15.96,0.6302186878727635
983,15.98,0.6305500331345262
984,16.01,0.6312127236580517
985,16.07,0.6318754141815772
986,16.09,0.6322067594433399
987,16.12,0.6328694499668654
988,16.14,0.6332007952286283
989,16.2,0.633532140490391
990,16.29,0.6338634857521538
991,16.44,0.6341948310139165
992,16.51,0.6345261762756793
993,16.54,0.634857521537442
994,16.55,0.6351888667992047
995,16.56,0.6355202120609675
996,16.65,0.6358515573227302
997,16.66,0.6361829025844931
998,16.72,0.6365142478462558
999,16.78,0.6368455931080186
1000,16.84,0.6371769383697813
1001,16.85,0.6375082836315441
1002,16.88,0.6378396288933068
1003,16.89,0.6381709741550696
1004,16.91,0.6385023194168323
1005,16.94,0.6388336646785951
1006,16.95,0.6391650099403579
1007,16.98,0.6394963552021206
1008,17.01,0.6398277004638834
1009,17.02,0.6401590457256461
1010,17.05,0.6411530815109344
1011,17.07,0.6414844267726971
1012,17.11,0.6418157720344599
1013,17.12,0.6421471172962226
1014,17.15,0.6424784625579855
1015,17.17,0.643141153081511
1016,17.26,0.6438038436050364
1017,17.28,0.6441351888667992
1018,17.3,0.6444665341285619
1019,17.33,0.6447978793903247
1020,17.37,0.6454605699138503
1021,17.41,0.6461232604373758
1022,17.46,0.6467859509609013
1023,17.47,0.6474486414844268
1024,17.48,0.6481113320079522
1025,17.5,0.648442677269715
1026,17.52,0.6487740225314778
1027,17.53,0.6491053677932406
1028,17.56,0.6494367130550033
1029,17.58,0.6504307488402916
1030,17.6,0.6514247846255798
1031,17.62,0.6517561298873427
1032,17.63,0.6524188204108681
1033,17.65,0.6527501656726309
1034,17.66,0.6530815109343936
1035,17.67,0.6534128561961564
1036,17.69,0.6537442014579191
1037,17.7,0.6540755467196819
1038,17.71,0.6544068919814446
1039,17.72,0.6547382372432075
1040,17.73,0.655400927766733
1041,17.76,0.6557322730284957
1042,17.78,0.6560636182902585
1043,17.8,0.6567263088137839
1044,17.82,0.6573889993373094
1045,17.83,0.6577203445990722
1046,17.84,0.658051689860835
1047,17.85,0.6583830351225978
1048,17.86,0.6590457256461233
1049,17.87,0.6597084161696488
1050,17.91,0.6603711066931743
1051,17.95,0.6610337972166997
1052,17.96,0.6616964877402253
1053,18.05,0.6620278330019881
1054,18.08,0.6623591782637508
1055,18.09,0.6626905235255136
1056,18.1,0.6630218687872763
1057,18.12,0.6633532140490391
1058,18.13,0.6640159045725647
1059,18.15,0.6643472498343274
1060,18.2,0.6646785950960902
1061,18.21,0.6650099403578529
1062,18.22,0.6653412856196156
1063,18.29,0.6660039761431411
1064,18.37,0.6663353214049039
1065,18.38,0.6666666666666666
1066,18.41,0.6669980119284294
1067,18.42,0.6673293571901922
1068,18.43,0.667660702451955
1069,18.44,0.6679920477137177
1070,18.45,0.6683233929754805
1071,18.46,0.6686547382372432
1072,18.48,0.6696487740225314
1073,18.5,0.6699801192842942
1074,18.51,0.670311464546057
1075,18.52,0.6713055003313453
1076,18.55,0.6719681908548708
1077,18.56,0.6722995361166335
1078,18.57,0.6726308813783963
1079,18.58,0.672962226640159
1080,18.6,0.6732935719019219
1081,18.62,0.6739562624254473
1082,18.65,0.6742876076872101
1083,18.7,0.6746189529489728
1084,18.71,0.6749502982107356
1085,18.73,0.6752816434724983
1086,18.75,0.6756129887342611
1087,18.76,0.6759443339960238
1088,18.77,0.6762756792577866
1089,18.8,0.6766070245195493
1090,18.81,0.6769383697813122
1091,18.83,0.6772697150430749
1092,18.84,0.6776010603048377
1093,18.85,0.6779324055666004
1094,18.88,0.6782637508283631
1095,18.89,0.6785950960901259
1096,18.9,0.6792577866136514
1097,18.94,0.6795891318754141
1098,18.95,0.679920477137177
1099,19.0,0.6802518223989397
1100,19.03,0.6809145129224652
1101,19.06,0.681245858184228
1102,19.07,0.6815772034459907
1103,19.08,0.6819085487077535
1104,19.1,0.6822398939695162
1105,19.11,0.682571239231279
1106,19.12,0.6832339297548045
1107,19.13,0.68389662027833
1108,19.15,0.6842279655400928
1109,19.17,0.6845593108018555
1110,19.18,0.6848906560636183
1111,19.19,0.685222001325381
1112,19.2,0.6855533465871438
1113,19.21,0.6858846918489065
1114,19.23,0.6862160371106694
1115,19.24,0.6868787276341949
1116,19.25,0.6882041086812458
1117,19.26,0.6888667992047713
1118,19.28,0.6891981444665342
1119,19.3,0.6895294897282969
1120,19.31,0.6905235255135852
1121,19.32,0.6915175612988734
1122,19.33,0.6925115970841617
1123,19.34,0.6928429423459245
1124,19.35,0.6931742876076872
1125,19.36,0.69350563286945
1126,19.37,0.6938369781312127
1127,19.39,0.6944996686547382
1128,19.4,0.6954937044400266
1129,19.42,0.6958250497017893
1130,19.43,0.6968190854870775
1131,19.45,0.6978131212723658
1132,19.46,0.6998011928429424
1133,19.47,0.7004638833664678
1134,19.48,0.7007952286282306
1135,19.49,0.7011265738899933
1136,19.5,0.7021206096752817
1137,19.51,0.7034459907223327
1138,19.52,0.7037773359840954
1139,19.53,0.7047713717693836
1140,19.54,0.7054340622929092
1141,19.55,0.7060967528164347
1142,19.56,0.7064280980781975
1143,19.58,0.707090788601723
1144,19.59,0.7080848243870113
1145,19.6,0.7094102054340623
1146,19.61,0.7100728959575878
1147,19.62,0.711066931742876
1148,19.63,0.7127236580516899
1149,19.65,0.7147117296222664
1150,19.68,0.7157057654075547
1151,19.69,0.7166998011928429
1152,19.7,0.7176938369781312
1153,19.71,0.7186878727634195
1154,19.72,0.7190192180251822
1155,19.73,0.7203445990722332
1156,19.74,0.7206759443339961
1157,19.75,0.722001325381047
1158,19.76,0.7226640159045725
1159,19.77,0.7239893969516236
1160,19.78,0.7243207422133864
1161,19.79,0.7249834327369119
1162,19.81,0.7259774685222001
1163,19.82,0.7273028495692512
1164,19.83,0.7276341948310139
1165,19.84,0.7289595758780649
1166,19.85,0.730284956925116
1167,19.86,0.7309476474486415
1168,19.87,0.7322730284956925
1169,19.88,0.7326043737574552
1170,19.89,0.7329357190192181
1171,19.9,0.7335984095427436
1172,19.91,0.7349237905897945
1173,19.93,0.73558648111332
1174,19.94,0.7365805168986084
1175,19.95,0.7372432074221339
1176,19.96,0.7385685884691849
1177,19.98,0.7388999337309476
1178,19.99,0.7395626242544732
1179,20.0,0.7405566600397614
1180,20.01,0.7412193505632869
1181,20.02,0.7418820410868124
1182,20.03,0.7422133863485753
1183,20.04,0.7428760768721008
1184,20.06,0.7432074221338635
1185,20.07,0.743870112657389
1186,20.09,0.7442014579191517
1187,20.11,0.74519549370444
1188,20.12,0.7455268389662028
1189,20.13,0.7458581842279656
1190,20.14,0.7465208747514911
1191,20.16,0.7468522200132538
1192,20.18,0.7471835652750166
1193,20.19,0.7481776010603048
1194,20.2,0.7488402915838304
1195,20.21,0.7495029821073559
1196,20.27,0.7498343273691186
1197,20.28,0.7501656726308814
1198,20.3,0.7504970178926441
1199,20.32,0.7508283631544069
1200,20.33,0.7511597084161696
1201,20.35,0.7514910536779325
1202,20.36,0.7518223989396952
1203,20.37,0.752153744201458
1204,20.39,0.7534791252485089
1205,20.44,0.7538104705102717
1206,20.45,0.7544731610337972
1207,20.48,0.75480450629556
1208,20.51,0.7551358515573228
1209,20.52,0.7554671968190855
1210,20.53,0.7557985420808483
1211,20.54,0.756129887342611
1212,20.6,0.7564612326043738
1213,20.64,0.7567925778661365
1214,20.71,0.7571239231278992
1215,20.72,0.757455268389662
1216,20.73,0.7577866136514247
1217,20.76,0.7581179589131876
1218,20.77,0.7584493041749503
1219,20.81,0.7587806494367131
1220,20.83,0.7594433399602386
1221,20.84,0.7597746852220013
1222,20.88,0.7601060304837641
1223,20.95,0.7607687210072896
1224,20.98,0.7620941020543406
1225,21.0,0.7624254473161034
1226,21.11,0.7627567925778661
1227,21.12,0.7637508283631544
1228,21.13,0.7640821736249171
1229,21.14,0.76441351888668
1230,21.15,0.7647448641484427
1231,21.16,0.7650762094102055
1232,21.19,0.7654075546719682
1233,21.2,0.7657388999337309
1234,21.22,0.7660702451954937
1235,21.24,0.7664015904572564
1236,21.25,0.7667329357190192
1237,21.3,0.7673956262425448
1238,21.32,0.7677269715043075
1239,21.38,0.768389662027833
1240,21.39,0.7687210072895958
1241,21.4,0.7690523525513585
1242,21.42,0.7693836978131213
1243,21.43,0.769715043074884
1244,21.47,0.7703777335984096
1245,21.49,0.7707090788601723
1246,21.52,0.7717031146454606
1247,21.54,0.7720344599072233
1248,21.56,0.7723658051689861
1249,21.58,0.7730284956925116
1250,21.59,0.7733598409542743
1251,21.62,0.7740225314777999
1252,21.67,0.7743538767395626
1253,21.68,0.7750165672630881
1254,21.69,0.7753479125248509
1255,21.7,0.7756792577866136
1256,21.72,0.7760106030483764
1257,21.75,0.7763419483101391
1258,21.78,0.776673293571902
1259,21.79,0.7773359840954275
1260,21.8,0.7776673293571902
1261,21.85,0.7786613651424784
1262,21.87,0.7789927104042412
1263,21.88,0.7793240556660039
1264,21.89,0.7796554009277668
1265,21.92,0.7799867461895295
1266,21.95,0.7803180914512923
1267,21.96,0.7809807819748178
1268,21.97,0.7813121272365805
1269,21.99,0.7816434724983433
1270,22.0,0.781974817760106
1271,22.02,0.7823061630218688
1272,22.04,0.7829688535453942
1273,22.09,0.7833001988071571
1274,22.1,0.7836315440689198
1275,22.11,0.7842942345924453
1276,22.12,0.7846255798542081
1277,22.13,0.7849569251159708
1278,22.14,0.7859509609012592
1279,22.16,0.7862823061630219
1280,22.17,0.7866136514247847
1281,22.18,0.7869449966865474
1282,22.19,0.7876076872100729
1283,22.21,0.7879390324718356
1284,22.22,0.7886017229953611
1285,22.23,0.7892644135188867
1286,22.24,0.7899271040424122
1287,22.27,0.790258449304175
1288,22.29,0.7905897945659377
1289,22.3,0.7909211398277005
1290,22.31,0.7912524850894632
1291,22.32,0.7915838303512259
1292,22.33,0.7919151756129887
1293,22.34,0.7922465208747514
1294,22.35,0.7925778661365143
1295,22.37,0.792909211398277
1296,22.51,0.7932405566600398
1297,22.52,0.7939032471835653
1298,22.53,0.794234592445328
1299,22.54,0.7945659377070908
1300,22.64,0.7948972829688535
1301,22.65,0.7952286282306164
1302,22.67,0.7955599734923791
1303,22.68,0.7958913187541418
1304,22.73,0.7962226640159046
1305,22.81,0.7965540092776673
1306,22.88,0.7968853545394301
1307,22.99,0.7972166998011928
1308,23.02,0.7975480450629556
1309,23.03,0.7978793903247183
1310,23.12,0.7982107355864811
1311,23.14,0.7985420808482439
1312,23.21,0.7988734261100067
1313,23.24,0.7992047713717694
1314,23.26,0.7995361166335322
1315,23.27,0.7998674618952949
1316,23.3,0.8001988071570576
1317,23.32,0.8005301524188204
1318,23.36,0.8008614976805831
1319,23.4,0.8011928429423459
1320,23.43,0.8018555334658715
1321,23.44,0.802518223989397
1322,23.45,0.8028495692511597
1323,23.48,0.8031809145129225
1324,23.55,0.8035122597746852
1325,23.6,0.803843605036448
1326,23.62,0.8041749502982107
1327,23.68,0.8045062955599734
1328,23.74,0.8048376408217363
1329,23.79,0.805168986083499
1330,23.8,0.8058316766070245
1331,23.85,0.8061630218687873
1332,23.9,0.80649436713055
1333,23.97,0.8068257123923128
1334,23.98,0.8071570576540755
1335,24.02,0.8074884029158383
1336,24.03,0.807819748177601
1337,24.06,0.8081510934393639
1338,24.11,0.8084824387011266
1339,24.12,0.8088137839628893
1340,24.14,0.8094764744864148
1341,24.17,0.8098078197481776
1342,24.2,0.8104705102717031
1343,24.25,0.8111332007952287
1344,24.28,0.8114645460569914
1345,24.3,0.8121272365805169
1346,24.33,0.8124585818422797
1347,24.34,0.8127899271040424
1348,24.36,0.8131212723658051
1349,24.4,0.8134526176275679
1350,24.41,0.8137839628893306
1351,24.43,0.8141153081510935
1352,24.44,0.8144466534128562
1353,24.45,0.814777998674619
1354,24.47,0.8151093439363817
1355,24.48,0.8154406891981445
1356,24.52,0.8157720344599072
1357,24.6,0.81610337972167
1358,24.65,0.8164347249834327
1359,24.74,0.8167660702451955
1360,24.75,0.8170974155069582
1361,24.77,0.8177601060304838
1362,24.79,0.8180914512922465
1363,24.8,0.8184227965540093
1364,24.82,0.8194168323392975
1365,24.86,0.8197481776010603
1366,24.96,0.820079522862823
1367,24.99,0.8204108681245859
1368,25.0,0.8207422133863486
1369,25.01,0.8210735586481114
1370,25.02,0.8217362491716369
1371,25.05,0.8223989396951623
1372,25.18,0.8227302849569251
1373,25.23,0.8230616302186878
1374,25.34,0.8233929754804507
1375,25.38,0.8240556660039762
1376,25.39,0.8247183565275017
1377,25.44,0.8250497017892644
1378,25.46,0.8253810470510272
1379,25.57,0.8257123923127899
1380,25.65,0.8260437375745527
1381,25.68,0.8263750828363154
1382,25.69,0.8267064280980781
1383,25.77,0.827037773359841
1384,25.79,0.8273691186216037
1385,25.8,0.8277004638833665
1386,25.83,0.8280318091451292
1387,25.9,0.828363154406892
1388,25.91,0.8286944996686547
1389,25.94,0.8290258449304175
1390,25.99,0.8300198807157058
1391,26.05,0.8303512259774686
1392,26.08,0.8306825712392313
1393,26.1,0.831013916500994
1394,26.11,0.8313452617627568
1395,26.12,0.8316766070245195
1396,26.13,0.8320079522862823
1397,26.16,0.832339297548045
1398,26.17,0.8326706428098078
1399,26.18,0.8330019880715706
1400,26.19,0.8333333333333334
1401,26.2,0.8336646785950961
1402,26.21,0.8343273691186216
1403,26.22,0.8356527501656726
1404,26.23,0.8359840954274353
1405,26.25,0.8366467859509609
1406,26.26,0.8369781312127237
1407,26.27,0.8373094764744864
1408,26.3,0.8376408217362492
1409,26.34,0.8379721669980119
1410,26.35,0.8383035122597747
1411,26.36,0.8386348575215374
1412,26.4,0.8389662027833003
1413,26.41,0.839297548045063
1414,26.42,0.8402915838303512
1415,26.43,0.840622929092114
1416,26.44,0.8412856196156395
1417,26.49,0.8416169648774022
1418,26.5,0.841948310139165
1419,26.52,0.8422796554009278
1420,26.53,0.8426110006626906
1421,26.6,0.8432736911862161
1422,26.61,0.8442677269715043
1423,26.63,0.844599072233267
1424,26.64,0.8455931080185554
1425,26.67,0.8462557985420809
1426,26.68,0.8472498343273691
1427,26.69,0.8479125248508946
1428,26.7,0.8482438701126573
1429,26.71,0.8485752153744202
1430,26.75,0.8489065606361829
1431,26.77,0.8495692511597084
1432,26.78,0.8502319416832339
1433,26.81,0.8505632869449967
1434,26.86,0.8508946322067594
1435,26.87,0.8518886679920478
1436,26.88,0.8522200132538105
1437,26.89,0.8525513585155732
1438,26.9,0.852882703777336
1439,26.93,0.8532140490390987
1440,26.95,0.8535453943008615
1441,27.0,0.8538767395626242
1442,27.02,0.854208084824387
1443,27.03,0.8545394300861497
1444,27.04,0.8552021206096753
1445,27.19,0.8555334658714381
1446,27.2,0.8558648111332008
1447,27.21,0.8561961563949636
1448,27.22,0.8565275016567263
1449,27.23,0.856858846918489
1450,27.25,0.8571901921802518
1451,27.27,0.8575215374420145
1452,27.29,0.8578528827037774
1453,27.3,0.8585155732273029
1454,27.31,0.8588469184890656
1455,27.32,0.8591782637508284
1456,27.34,0.8595096090125911
1457,27.35,0.8598409542743539
1458,27.36,0.8601722995361166
1459,27.37,0.8605036447978794
1460,27.39,0.8608349900596421
1461,27.4,0.8611663353214049
1462,27.43,0.8614976805831677
1463,27.53,0.8621603711066932
1464,27.61,0.8624917163684559
1465,27.62,0.8628230616302187
1466,27.63,0.8631544068919814
1467,27.64,0.8638170974155069
1468,27.66,0.8641484426772698
1469,27.67,0.8644797879390325
1470,27.68,0.865142478462558
1471,27.69,0.8654738237243207
1472,27.7,0.8658051689860835
1473,27.71,0.8661365142478462
1474,27.72,0.866467859509609
1475,27.73,0.8667992047713717
1476,27.74,0.8671305500331346
1477,27.77,0.8674618952948973
1478,27.79,0.8677932405566601
1479,27.8,0.8681245858184228
1480,27.83,0.8687872763419483
1481,27.84,0.8691186216037111
1482,27.88,0.8697813121272365
1483,27.9,0.8701126573889993
1484,27.91,0.8711066931742876
1485,27.92,0.8717693836978131
1486,27.93,0.8721007289595759
1487,27.94,0.8724320742213386
1488,27.95,0.8727634194831014
1489,27.96,0.8730947647448641
1490,27.97,0.873426110006627
1491,28.0,0.8737574552683897
1492,28.01,0.8740888005301524
1493,28.03,0.8747514910536779
1494,28.04,0.8750828363154407
1495,28.05,0.8754141815772034
1496,28.08,0.8760768721007289
1497,28.09,0.8767395626242545
1498,28.12,0.8770709078860173
1499,28.14,0.8777335984095428
1500,28.15,0.8780649436713055
1501,28.16,0.8783962889330682
1502,28.24,0.8790589794565937
1503,28.26,0.8793903247183565
1504,28.31,0.8803843605036448
1505,28.33,0.8807157057654076
1506,28.38,0.8813783962889331
1507,28.42,0.8817097415506958
1508,28.43,0.8820410868124586
1509,28.46,0.8823724320742213
1510,28.53,0.882703777335984
1511,28.56,0.8830351225977469
1512,28.63,0.8833664678595096
1513,28.71,0.8840291583830351
1514,28.74,0.8843605036447979
1515,28.76,0.8846918489065606
1516,28.82,0.8850231941683234
1517,28.83,0.8853545394300861
1518,28.85,0.8860172299536117
1519,28.86,0.8863485752153745
1520,28.91,0.8866799204771372
1521,28.93,0.8870112657388999
1522,28.94,0.8873426110006627
1523,28.97,0.8876739562624254
1524,29.06,0.8880053015241882
1525,29.07,0.8886679920477137
1526,29.1,0.8889993373094764
1527,29.11,0.8893306825712393
1528,29.12,0.889662027833002
1529,29.13,0.8899933730947648
1530,29.15,0.8903247183565275
1531,29.18,0.8906560636182903
1532,29.2,0.890987408880053
1533,29.21,0.8916500994035785
1534,29.25,0.892312789927104
1535,29.26,0.8926441351888668
1536,29.27,0.8936381709741551
1537,29.29,0.8946322067594433
1538,29.31,0.8952948972829688
1539,29.32,0.8956262425447317
1540,29.33,0.8959575878064944
1541,29.34,0.8969516235917826
1542,29.36,0.8976143141153081
1543,29.38,0.8982770046388336
1544,29.4,0.8986083499005965
1545,29.43,0.899271040424122
1546,29.44,0.8999337309476475
1547,29.45,0.9005964214711729
1548,29.46,0.9012591119946984
1549,29.47,0.901921802518224
1550,29.49,0.9025844930417495
1551,29.5,0.9029158383035123
1552,29.51,0.903247183565275
1553,29.52,0.9035785288270378
1554,29.55,0.904572564612326
1555,29.56,0.9055666003976143
1556,29.57,0.9058979456593771
1557,29.58,0.9068919814446653
1558,29.59,0.9078860172299537
1559,29.61,0.9085487077534792
1560,29.63,0.9095427435387674
1561,29.64,0.9102054340622929
1562,29.65,0.9108681245858185
1563,29.66,0.911530815109344
1564,29.67,0.9118621603711067
1565,29.68,0.9121935056328695
1566,29.69,0.912856196156395
1567,29.7,0.9138502319416832
1568,29.71,0.9145129224652088
1569,29.72,0.915506958250497
1570,29.73,0.9161696487740225
1571,29.74,0.916832339297548
1572,29.75,0.9174950298210736
1573,29.76,0.9181577203445991
1574,29.77,0.9188204108681246
1575,29.78,0.9191517561298873
1576,29.84,0.9194831013916501
1577,29.85,0.9198144466534128
1578,29.86,0.9208084824387012
1579,29.87,0.9214711729622267
1580,29.88,0.9221338634857521
1581,29.99,0.9224652087475149
1582,30.0,0.9227965540092776
1583,30.02,0.9231278992710404
1584,30.04,0.9234592445328031
1585,30.07,0.923790589794566
1586,30.08,0.9241219350563287
1587,30.09,0.9244532803180915
1588,30.12,0.9247846255798542
1589,30.14,0.925115970841617
1590,30.17,0.9257786613651425
1591,30.19,0.9261100066269052
1592,30.26,0.9264413518886679
1593,30.32,0.9267726971504308
1594,30.72,0.9271040424121935
1595,30.75,0.9274353876739563
1596,30.77,0.927766732935719
1597,30.79,0.9280980781974818
1598,30.84,0.9284294234592445
1599,31.2,0.9287607687210073
1600,31.28,0.92909211398277
1601,31.31,0.9294234592445328
1602,31.35,0.9297548045062956
1603,31.66,0.9300861497680584
1604,31.93,0.9304174950298211
1605,32.18,0.9307488402915838
1606,32.23,0.9310801855533466
1607,32.41,0.9314115308151093
1608,32.42,0.9317428760768721
1609,32.49,0.9320742213386348
1610,32.54,0.9324055666003976
1611,32.58,0.9327369118621603
1612,32.65,0.9330682571239232
1613,32.67,0.9337309476474487
1614,32.72,0.9340622929092114
1615,32.73,0.9343936381709742
1616,32.81,0.9350563286944996
1617,32.92,0.9353876739562624
1618,32.98,0.936050364479788
1619,33.01,0.9363817097415507
1620,33.04,0.9367130550033135
1621,33.06,0.9370444002650762
1622,33.07,0.937375745526839
1623,33.08,0.9377070907886017
1624,33.11,0.9380384360503645
1625,33.19,0.9383697813121272
1626,33.22,0.9390324718356527
1627,33.29,0.9393638170974155
1628,33.42,0.9396951623591783
1629,33.44,0.940026507620941
1630,33.54,0.9403578528827038
1631,33.64,0.9406891981444665
1632,33.69,0.9410205434062293
1633,33.81,0.941351888667992
1634,33.84,0.9416832339297548
1635,33.94,0.9420145791915175
1636,34.07,0.9423459244532804
1637,34.79,0.9426772697150431
1638,34.95,0.9430086149768059
1639,35.05,0.9433399602385686
1640,35.14,0.9436713055003313
1641,35.67,0.9440026507620941
1642,35.73,0.9443339960238568
1643,35.87,0.9446653412856196
1644,35.89,0.9449966865473823
1645,35.95,0.9453280318091452
1646,36.14,0.9456593770709079
1647,36.15,0.9459907223326707
1648,36.22,0.9463220675944334
1649,36.25,0.9466534128561962
1650,36.33,0.9473161033797217
1651,36.57,0.9476474486414844
1652,36.62,0.9479787939032471
1653,36.63,0.94831013916501
1654,36.74,0.9486414844267727
1655,36.77,0.9489728296885355
1656,36.81,0.9493041749502982
1657,36.86,0.949635520212061
1658,36.87,0.9499668654738237
1659,36.88,0.9502982107355865
1660,36.89,0.9506295559973492
1661,36.91,0.950960901259112
1662,37.0,0.9519549370444003
1663,37.05,0.952286282306163
1664,37.09,0.9526176275679258
1665,37.12,0.9529489728296885
1666,37.16,0.9532803180914513
1667,37.21,0.953611663353214
1668,37.3,0.9539430086149768
1669,37.32,0.9542743538767395
1670,37.35,0.9546056991385024
1671,37.36,0.9549370444002651
1672,37.37,0.9552683896620279
1673,37.4,0.9559310801855534
1674,37.42,0.9562624254473161
1675,37.47,0.9565937707090788
1676,37.49,0.9572564612326043
1677,37.54,0.9575878064943671
1678,37.57,0.9579191517561298
1679,37.66,0.9582504970178927
1680,37.67,0.9585818422796554
1681,37.75,0.9589131875414182
1682,37.76,0.9592445328031809
1683,37.9,0.9595758780649437
1684,38.25,0.9599072233267064
1685,38.33,0.9602385685884692
1686,38.58,0.9605699138502319
1687,38.92,0.9609012591119946
1688,38.96,0.9612326043737575
1689,39.04,0.9615639496355202
1690,39.05,0.961895294897283
1691,39.07,0.9622266401590457
1692,39.1,0.9625579854208085
1693,39.11,0.9628893306825712
1694,39.12,0.963220675944334
1695,39.19,0.9635520212060967
1696,39.27,0.9638833664678595
1697,39.28,0.9645460569913851
1698,39.49,0.9648774022531478
1699,39.51,0.9652087475149106
1700,39.54,0.9655400927766733
1701,39.55,0.965871438038436
1702,39.59,0.9662027833001988
1703,39.62,0.9665341285619615
1704,39.76,0.9668654738237243
1705,39.77,0.967196819085487
1706,39.8,0.9678595096090126
1707,39.81,0.9681908548707754
1708,39.84,0.9685222001325381
1709,39.86,0.9688535453943009
1710,40.13,0.9691848906560636
1711,40.87,0.9695162359178264
1712,42.25,0.9698475811795891
1713,42.97,0.9701789264413518
1714,43.32,0.9705102717031147
1715,43.45,0.9708416169648774
1716,43.49,0.9711729622266402
1717,43.55,0.9715043074884029
1718,43.64,0.9718356527501657
1719,43.72,0.9721669980119284
1720,43.88,0.9728296885354539
1721,43.89,0.9731610337972167
1722,43.91,0.9734923790589795
1723,43.92,0.9738237243207423
1724,44.02,0.974155069582505
1725,44.08,0.9744864148442677
1726,44.09,0.9748177601060305
1727,44.15,0.9751491053677932
1728,44.16,0.975480450629556
1729,44.17,0.9758117958913187
1730,44.3,0.9761431411530815
1731,44.31,0.9764744864148442
1732,44.33,0.9768058316766071
1733,44.36,0.9771371769383698
1734,44.47,0.9774685222001326
1735,44.5,0.9777998674618953
1736,44.54,0.9781312127236581
1737,44.83,0.9784625579854208
1738,44.87,0.9787939032471835
1739,45.39,0.9791252485089463
1740,45.49,0.979456593770709
1741,46.44,0.9797879390324719
1742,47.39,0.9801192842942346
1743,47.72,0.9804506295559974
1744,47.79,0.9807819748177601
1745,47.89,0.9811133200795229
1746,48.34,0.9814446653412856
1747,48.77,0.9817760106030484
1748,48.93,0.9821073558648111
1749,49.03,0.9824387011265739
1750,49.43,0.9827700463883366
1751,49.5,0.9831013916500994
1752,49.57,0.9834327369118622
1753,49.65,0.9837640821736249
1754,49.82,0.9840954274353877
1755,49.85,0.9844267726971504
1756,49.87,0.9847581179589132
1757,49.91,0.9850894632206759
1758,49.94,0.9854208084824387
1759,50.12,0.9857521537442014
1760,50.15,0.9860834990059643
1761,50.39,0.986414844267727
1762,50.93,0.9867461895294898
1763,51.58,0.9870775347912525
1764,52.5,0.9874088800530152
1765,53.14,0.987740225314778
1766,53.21,0.9880715705765407
1767,53.4,0.9884029158383035
1768,53.82,0.9887342611000662
1769,54.03,0.989065606361829
1770,54.17,0.9893969516235918
1771,54.2,0.9897282968853546
1772,54.38,0.9900596421471173
1773,54.48,0.9903909874088801
1774,54.56,0.9907223326706428
1775,54.58,0.9910536779324056
1776,54.59,0.9913850231941683
1777,54.89,0.991716368455931
1778,54.99,0.9920477137176938
1779,55.05,0.9923790589794566
1780,55.13,0.9927104042412194
1781,55.2,0.9930417495029821
1782,55.23,0.9933730947647449
1783,55.24,0.9937044400265076
1784,55.35,0.9940357852882704
1785,55.4,0.9943671305500331
1786,55.45,0.9946984758117959
1787,55.47,0.9950298210735586
1788,55.48,0.9953611663353215
1789,55.49,0.9956925115970842
1790,55.52,0.9960238568588469
1791,55.57,0.9963552021206097
1792,55.69,0.9966865473823724
1793,55.72,0.9970178926441352
1794,55.75,0.9973492379058979
1795,55.79,0.9976805831676607
1796,55.88,0.9980119284294234
1797,55.92,0.9983432736911863
1798,55.96,0.998674618952949
1799,55.99,0.9990059642147118
1800,56.05,0.9993373094764745
1801,56.16,0.9996686547382373
1802,56.17,1.0
